Bulbasaur	Grass	Poison	45	49	49	65	65	45	MediumSlow	45	0	0	0	1	0	0	1	1
Ivysaur	Grass	Poison	60	62	63	80	80	60	MediumSlow	45	0	0	0	1	1	0	1	66
Venusaur	Grass	Poison	80	82	83	100	100	80	MediumSlow	45	0	0	0	2	1	0	1	131
Charmander	Fire	None	39	52	43	60	50	65	MediumSlow	45	0	0	0	0	0	1	162	1
Charmeleon	Fire	None	58	64	58	80	65	80	MediumSlow	45	0	0	0	1	0	1	162	66
Charizard	Fire	Flying	78	84	78	109	85	100	MediumSlow	45	0	0	0	3	0	0	162	133
Squirtle	Water	None	44	48	65	50	64	43	MediumSlow	45	0	0	1	0	0	0	323	1
Wartortle	Water	None	59	63	80	64	80	58	MediumSlow	45	0	0	1	0	1	0	323	66
Blastoise	Water	None	79	83	100	85	105	78	MediumSlow	45	0	0	0	0	3	0	323	131
Caterpie	Bug	None	45	30	35	20	20	45	MediumFast	255	1	0	0	0	0	0	484	1
Metapod	Bug	None	50	20	55	25	25	30	MediumFast	120	0	0	2	0	0	0	484	66
Butterfree	Bug	Flying	60	45	50	90	80	70	MediumFast	45	0	0	0	2	1	0	484	131
Weedle	Bug	Poison	40	35	30	20	20	50	MediumFast	255	0	0	0	0	0	1	645	1
Kakuna	Bug	Poison	45	25	50	25	25	35	MediumFast	120	0	0	2	0	0	0	645	66
Beedrill	Bug	Poison	65	90	40	45	80	75	MediumFast	45	0	2	0	0	1	0	645	131
Pidgey	Normal	Flying	40	45	40	35	35	56	MediumSlow	255	0	0	0	0	0	1	1	198
Pidgeotto	Normal	Flying	63	60	55	50	50	71	MediumSlow	120	0	0	0	0	0	2	1	263
Pidgeot 	Normal	Flying	83	80	75	70	70	101	MediumSlow	45	0	0	0	0	0	3	1	328
Rattata	Normal	None	30	56	35	25	35	72	MediumFast	255	0	0	0	0	0	1	162	198
Raticate	Normal	None	55	81	60	50	70	97	MediumFast	127	0	0	0	0	0	2	162	263
Spearow	Normal	Flying	40	60	30	31	31	70	MediumFast	255	0	0	0	0	0	1	162	328
Fearow	Normal	Flying	65	90	65	61	61	100	MediumFast	90	0	0	0	0	0	2	323	198
Ekans	Poison	None	35	60	44	40	54	55	MediumFast	255	0	1	0	0	0	0	323	263
Arbok	Poison	None	60	85	69	65	79	80	MediumFast	90	0	2	0	0	0	0	323	328
Pikachu	Electric	None	35	55	40	50	50	90	MediumFast	190	0	0	0	0	0	2	484	198
Raichu	Electric	None	60	90	55	90	80	110	MediumFast	75	0	0	0	0	0	3	484	263
Sandshrew	Ground	None	50	75	85	20	30	40	MediumFast	255	0	0	1	0	0	0	484	328
Sandslash	Ground	None	75	100	110	45	55	65	MediumFast	90	0	0	2	0	0	0	645	198
NidoranF	Poison	None	55	47	52	40	40	41	MediumSlow	235	1	0	0	0	0	0	645	263
Nidorina	Poison	None	70	62	67	55	55	56	MediumSlow	120	2	0	0	0	0	0	645	328
Nidoqueen	Poison	Ground	90	92	87	75	85	76	MediumSlow	45	3	0	0	0	0	0	1	395
NidoranM	Poison	None	46	57	40	40	40	50	MediumSlow	235	0	1	0	0	0	0	1	460
Nidorino	Poison	None	61	72	57	55	55	65	MediumSlow	120	0	2	0	0	0	0	1	525
Nidoking	Poison	Ground	81	102	77	85	75	85	MediumSlow	45	0	3	0	0	0	0	162	395
Clefairy	Normal	None	70	45	48	60	65	35	Fast	150	2	0	0	0	0	0	162	460
Clefable	Normal	None	95	70	73	95	90	60	Fast	25	3	0	0	0	0	0	162	525
Vulpix	Fire	None	38	41	40	50	65	65	MediumFast	190	0	0	0	0	0	1	323	395
Ninetales	Fire	None	73	76	75	81	100	100	MediumFast	75	0	0	0	0	1	1	323	460
Jigglypuff	Normal	None	115	45	20	45	25	20	Fast	170	2	0	0	0	0	0	323	525
Wigglytuff	Normal	None	140	70	45	85	50	45	Fast	50	3	0	0	0	0	0	484	395
Zubat	Poison	Flying	40	45	35	30	40	55	MediumFast	255	0	0	0	0	0	1	484	460
Golbat	Poison	Flying	75	80	70	65	75	90	MediumFast	90	0	0	0	0	0	2	484	525
Oddish	Grass	Poison	45	50	55	75	65	30	MediumSlow	255	0	0	0	1	0	0	645	395
Gloom	Grass	Poison	60	65	70	85	75	40	MediumSlow	120	0	0	0	2	0	0	645	460
Vileplume	Grass	Poison	75	80	85	110	90	50	MediumSlow	45	0	0	0	3	0	0	645	525
Paras	Bug	Grass	35	70	55	45	55	25	MediumFast	190	0	1	0	0	0	0	1	592
Parasect	Bug	Grass	60	95	80	60	80	30	MediumFast	75	0	2	1	0	0	0	1	657
Venonat	Bug	Poison	60	55	50	40	55	45	MediumFast	190	0	0	0	0	1	0	1	722
Venomoth	Bug	Poison	70	65	60	90	75	90	MediumFast	75	0	0	0	1	0	1	162	592
Diglett	Ground	None	10	55	25	35	45	95	MediumFast	255	0	0	0	0	0	1	162	657
Dugtrio	Ground	None	35	80	50	50	70	120	MediumFast	50	0	0	0	0	0	2	162	722
Meowth	Normal	None	40	45	35	40	40	90	MediumFast	255	0	0	0	0	0	1	323	592
Persian	Normal	None	65	70	60	65	65	115	MediumFast	90	0	0	0	0	0	2	323	657
Psyduck	Water	None	50	52	48	65	50	55	MediumFast	190	0	0	0	1	0	0	323	722
Golduck	Water	None	80	82	78	95	80	85	MediumFast	75	0	0	0	2	0	0	484	592
Mankey	Fighting	None	40	80	35	35	45	70	MediumFast	190	0	1	0	0	0	0	484	657
Primeape	Fighting	None	65	105	60	60	70	95	MediumFast	75	0	2	0	0	0	0	484	722
Growlithe	Fire	None	55	7	45	70	50	60	Slow	190	0	1	0	0	0	0	645	592
Arcanine	Fire	None	90	110	80	100	80	95	Slow	75	0	2	0	0	0	0	645	657
Poliwag	Water	None	40	50	40	40	40	90	MediumSlow	255	0	0	0	0	0	1	645	722
Poliwhirl	Water	None	65	65	65	50	50	90	MediumSlow	120	0	0	0	0	0	2	1	790
Poliwrath	Water	Fighting	90	95	95	70	90	70	MediumSlow	45	0	0	3	0	0	0	1	854
Abra	Psychic	None	25	20	15	105	55	90	MediumSlow	200	0	0	0	1	0	0	1	919
Kadabra	Psychic	None	40	35	30	120	70	105	MediumSlow	100	0	0	0	2	0	0	162	790
Alakazam	Psychic	None	55	50	45	135	95	120	MediumSlow	50	0	0	0	3	0	0	162	854
Machop	Fighting	None	70	80	50	35	35	35	MediumSlow	180	0	1	0	0	0	0	162	919
Machoke	Fighting	None	80	100	70	50	60	45	MediumSlow	90	0	2	0	0	0	0	323	790
Machamp	Fighting	None	90	130	80	65	85	55	MediumSlow	45	0	3	0	0	0	0	323	854
Bellsprout	Grass	Poison	50	75	35	70	30	40	MediumSlow	255	0	1	0	0	0	0	323	919
Weepinbell	Grass	Poison	65	90	50	85	45	55	MediumSlow	120	0	2	0	0	0	0	484	790
Victreebel	Grass	Poison	80	105	65	100	70	70	MediumSlow	45	0	3	0	0	0	0	484	854
Tentacool	Water	Poison	40	40	35	50	100	70	Slow	190	0	0	0	0	1	0	484	919
Tentacruel	Water	Poison	80	70	65	80	120	100	Slow	60	0	0	0	0	2	0	645	790
Geodude	Rock	Ground	40	80	100	30	30	20	MediumSlow	255	0	0	1	0	0	0	645	854
Graveler	Rock	Ground	55	95	115	45	45	35	MediumSlow	120	0	0	2	0	0	0	645	919
Golem	Rock	Ground	80	120	130	55	65	45	MediumSlow	45	0	0	3	0	0	0	806	1
Ponyta	Fire	None	50	85	55	65	65	90	MediumFast	190	0	0	0	0	0	1	806	66
Rapidash	Fire	None	65	100	70	80	80	105	MediumFast	60	0	0	0	0	0	2	806	131
Slowpoke	Water	Psychic	90	65	65	40	40	15	MediumFast	190	1	0	0	0	0	0	967	1
Slowbro	Water	Psychic	95	75	110	100	80	30	MediumFast	75	0	0	2	0	0	0	967	66
Magnemite	Electric	None	25	35	70	95	55	45	MediumFast	190	0	0	0	1	0	0	967	133
Magneton	Electric	None	50	60	95	120	70	70	MediumFast	60	0	0	0	2	0	0	1128	1
Farfetch'd	Normal	Flying	52	65	55	58	62	60	MediumFast	45	0	1	0	0	0	0	1128	66
Doduo	Normal	Flying	35	85	45	35	35	75	MediumFast	190	0	1	0	0	0	0	1128	131
Dodrio	Normal	Flying	60	110	70	60	60	100	MediumFast	45	0	2	0	0	0	0	1289	1
Seel	Water	None	65	45	55	45	70	45	MediumFast	190	0	0	0	0	1	0	1289	66
Dewgong	Water	Ice	90	70	80	70	95	70	MediumFast	75	0	0	0	0	2	0	1289	131
Grimer	Poison	None	80	80	50	40	50	25	MediumFast	190	1	0	0	0	0	0	1450	1
Muk	Poison	None	105	105	75	65	100	50	MediumFast	75	1	1	0	0	0	0	1450	66
Shellder	Water	None	30	65	100	45	25	40	Slow	190	0	0	1	0	0	0	1450	131
Cloyster	Water	Ice	50	95	180	85	45	70	Slow	60	0	0	2	0	0	0	806	198
Gastly	Ghost	Poison	30	35	30	100	35	80	MediumSlow	190	0	0	0	1	0	0	806	263
Haunter	Ghost	Poison	45	50	45	115	55	95	MediumSlow	90	0	0	0	2	0	0	806	328
Gengar	Ghost	Poison	60	65	60	130	75	110	MediumSlow	45	0	0	0	3	0	0	967	198
Onix	Rock	Ground	35	45	160	30	45	70	MediumFast	45	0	0	1	0	0	0	967	263
Drowzee	Psychic	None	60	48	45	43	90	42	MediumFast	190	0	0	0	0	1	0	967	328
Hypno	Psychic	None	85	73	70	73	115	67	MediumFast	75	0	0	0	0	2	0	1128	198
Krabby	Water	None	30	105	90	25	25	50	MediumFast	225	0	1	0	0	0	0	1128	263
Kingler	Water	None	55	130	115	50	50	75	MediumFast	60	0	2	0	0	0	0	1128	328
Voltorb	Electric	None	40	30	50	55	55	100	MediumFast	190	0	0	0	0	0	1	1289	198
Electrode	Electric	None	60	50	70	80	80	140	MediumFast	60	0	0	0	0	0	2	1289	263
Exeggcute	Grass	Psychic	60	40	80	60	45	40	Slow	90	0	0	1	0	0	0	1289	328
Exeggutor	Grass	Psychic	95	95	85	125	65	55	Slow	45	0	0	0	2	0	0	1450	198
Cubone	Ground	None	50	50	95	40	50	35	MediumFast	190	0	0	1	0	0	0	1450	263
Marowak	Ground	None	60	80	110	50	80	45	MediumFast	75	0	0	2	0	0	0	1450	328
Hitmonlee	Fighting	None	50	120	53	355	110	87	MediumFast	45	0	2	0	0	0	0	806	395
Hitmonchan	Fighting	None	50	105	79	35	110	76	MediumFast	45	0	0	0	0	2	0	806	460
Lickitung	Normal	None	90	55	75	60	75	30	MediumFast	45	2	0	0	0	0	0	806	525
Koffing	Poison	None	40	65	95	60	45	35	MediumFast	190	0	0	1	0	0	0	967	395
Weezing	Poison	None	65	90	120	85	70	60	MediumFast	60	0	0	2	0	0	0	967	460
Rhyhorn	Ground	Rock	80	85	95	30	30	25	Slow	120	0	0	1	0	0	0	967	525
Rhydon	Ground	Rock	105	130	120	45	45	40	Slow	60	0	2	0	0	0	0	1128	395
Chansey	Normal	None	250	5	5	35	105	50	Fast	30	2	0	0	0	0	0	1128	460
Tangela	Grass	None	65	55	115	100	40	60	MediumFast	45	0	0	1	0	0	0	1128	525
Kangaskhan	Normal	None	105	95	80	40	80	90	MediumFast	45	2	0	0	0	0	0	1289	395
Horsea	Water	None	30	40	70	70	25	60	MediumFast	225	0	0	0	1	0	0	1289	460
Seadra	Water	None	55	65	95	95	45	85	MediumFast	75	0	0	1	1	0	0	1289	525
Goldeen	Water	None	45	67	60	35	50	63	MediumFast	225	0	1	0	0	0	0	1450	395
Seaking	Water	None	80	92	65	65	80	68	MediumFast	60	0	2	0	0	0	0	1450	460
Staryu	Water	None	30	45	55	70	55	85	Slow	225	0	0	0	0	0	1	1450	525
Starmie	Water	Psychic	60	75	85	100	85	115	Slow	60	0	0	0	0	0	2	806	592
Mr.Mime	Psychic	None	40	45	65	100	120	90	MediumFast	45	0	0	0	0	2	0	806	657
Scyther	Bug	Flying	70	110	80	55	80	105	MediumFast	45	0	1	0	0	0	0	806	722
Jynx	Ice	Psychic	65	50	35	115	95	95	MediumFast	45	0	0	0	2	0	0	967	592
Electabuzz	Electric	None	65	83	57	95	85	105	MediumFast	45	0	0	0	0	0	2	967	657
Magmar	Fire	None	65	95	57	100	85	93	MediumFast	45	0	0	0	2	0	0	967	722
Pinsir	Bug	None	65	125	100	55	70	85	Slow	45	0	2	0	0	0	0	1128	592
Tauros	Normal	None	75	100	95	40	70	110	Slow	45	0	1	0	0	0	1	1128	657
Magikarp	Water	None	20	10	55	15	20	80	Slow	255	0	0	0	0	0	1	1128	722
Gyarados	Water	Flying	95	125	79	60	100	81	Slow	45	0	2	0	0	0	0	1289	592
Lapras	Water	Ice	130	85	80	85	95	60	Slow	45	2	0	0	0	0	0	1289	657
Ditto	Normal	None	48	48	48	48	48	48	MediumFast	35	1	0	0	0	0	0	1289	722
Eevee	Normal	None	55	55	50	45	65	55	MediumFast	45	0	0	0	0	1	0	1450	592
Vaporeon	Water	None	130	65	60	110	95	65	MediumFast	45	2	0	0	0	0	0	1450	657
Jolteon	Electric	None	65	65	65	110	95	130	MediumFast	45	0	0	0	0	0	2	1450	722
Flareon	Fire	None	65	130	60	95	110	65	MediumFast	45	0	2	0	0	0	0	806	790
Porygon	Normal	None	65	60	70	85	75	40	MediumFast	45	0	0	0	1	0	0	806	854
Omanyte	Rock	Water	35	40	100	90	55	35	MediumFast	45	0	0	1	0	0	0	806	919
Omastar	Rock	Water	70	60	125	115	70	55	MediumFast	45	0	0	2	0	0	0	967	790
Kabuto	Rock	Water	30	80	90	55	45	55	MediumFast	45	0	0	1	0	0	0	967	854
Kabutops	Rock	Water	60	115	105	65	70	80	MediumFast	45	0	2	0	0	0	0	967	919
Aerodactyl	Rock	Flying	80	105	65	60	75	130	Slow	45	0	0	0	0	0	2	1128	790
Snorlax	Normal	None	160	110	65	65	110	30	Slow	25	2	0	0	0	0	0	1128	854
Articuno	Ice	Flying	90	85	100	95	125	85	Slow	3	0	0	0	0	3	0	1128	919
Zapdos	Electric	Flying	90	90	85	125	90	100	Slow	3	0	0	0	3	0	0	1289	790
Moltres	Fire	Flying	90	100	90	125	85	90	Slow	3	0	0	0	3	0	0	1289	854
Dratini	Dragon	None	41	64	45	50	50	50	Slow	45	0	1	0	0	0	0	1289	919
Dragonair	Dragon	None	61	84	65	70	70	70	Slow	45	0	2	0	0	0	0	1450	790
Dragonite	Dragon	Flying	91	134	95	100	100	80	Slow	45	0	3	0	0	0	0	1450	854
Mewtwo	Psychic	None	106	110	90	154	90	130	Slow	3	0	0	0	3	0	0	1450	919
Mew	Psychic	None	100	100	100	100	100	100	MediumSlow	45	3	0	0	0	0	0	1611	1